<?xml version="1.0" encoding="UTF-8"?>
<beans xmlns="http://www.springframework.org/schema/beans"
       xmlns:xsi="http://www.w3.org/2001/XMLSchema-instance"
       xsi:schemaLocation="http://www.springframework.org/schema/beans http://www.springframework.org/schema/beans/spring-beans.xsd">





    <!--通过factorybean创建复杂对象-->
    <bean id="calendar" class="factorybean.CalendarFactoryBean"></bean>

    <bean id="conn" class="factorybean.ConnectionFactoryBean"></bean>



    <!--创建数据源对象 druid C3p0 dbcp-->
    <bean id="dataSource" class="com.alibaba.druid.pool.DruidDataSource">
        <property name="driverClassName" value="com.mysql.jdbc.Driver"/>
        <property name="url" value="jdbc:mysql://localhost:3306/2001"/>
        <property name="username" value="root"/>
        <property name="password" value="root"/>
    </bean>

    <!--创建sqlSessionFactory-->
    <bean id="sqlSessionFactory" class="org.mybatis.spring.SqlSessionFactoryBean">
        <!--依赖数据源对象-->
        <property name="dataSource" ref="dataSource"/>
        <!--依赖mapper文件注册-->

    </bean>




</beans>