<?xml version="1.0" encoding="UTF-8"?>
<beans xmlns="http://www.springframework.org/schema/beans"
       xmlns:xsi="http://www.w3.org/2001/XMLSchema-instance" xmlns:tx="http://www.springframework.org/schema/tx"
       xmlns:aop="http://www.springframework.org/schema/aop"
       xsi:schemaLocation="http://www.springframework.org/schema/beans http://www.springframework.org/schema/beans/spring-beans.xsd http://www.springframework.org/schema/tx http://www.springframework.org/schema/tx/spring-tx.xsd http://www.springframework.org/schema/aop http://www.springframework.org/schema/aop/spring-aop.xsd">


    <!--创建数据源-->
    <bean id="dataSource" class="com.alibaba.druid.pool.DruidDataSource">
        <property name="driverClassName" value="com.mysql.jdbc.Driver"/>
        <property name="url" value="jdbc:mysql://localhost:3306/2001?characterEncoding=UTF-8"/>
        <property name="username" value="root"/>
        <property name="password" value="root"/>
    </bean>

    <!--创建SqlSessionFactory-->
    <bean id="sqlSessionFactory" class="org.mybatis.spring.SqlSessionFactoryBean">
        <!--注入dataSource mapperlocation 别名-->
        <property name="dataSource" ref="dataSource"/>
        <property name="mapperLocations" value="classpath:com/baizhi/mapper/*.xml"/>
        <property name="typeAliasesPackage" value="com.baizhi.entity"/>
    </bean>

    <!--创建DAO对象-->
    <bean class="org.mybatis.spring.mapper.MapperScannerConfigurer">
        <property name="sqlSessionFactoryBeanName" value="sqlSessionFactory"/>
        <property name="basePackage" value="com.baizhi.dao"/>
    </bean>

    <!--创建事务管理器-->
    <bean id="transactionManager" class="org.springframework.jdbc.datasource.DataSourceTransactionManager">
        <property name="dataSource" ref="dataSource"/>
    </bean>

    <!--基于事务管理器创建事务通知对象并配置事务细粒度控制-->
    <tx:advice id="txAdvice" transaction-manager="transactionManager">
        <tx:attributes>
            <tx:method name="save*"/>
            <tx:method name="update*"/>
            <tx:method name="delete*"/>
            <tx:method name="find*" propagation="SUPPORTS"/>
        </tx:attributes>
    </tx:advice>

    <!--配置事务切面-->
    <aop:config>
        <aop:pointcut id="pc" expression="within(com.baizhi.service.*ServiceImpl)"/>
        <aop:advisor advice-ref="txAdvice" pointcut-ref="pc"/>
    </aop:config>




    <!--管理Service组件对象-->
    <bean id="userService" class="com.baizhi.service.UserServiceImpl">
        <property name="userDAO" ref="userDAO"/>
    </bean>

    <!--管理Action
        scope="prototype"
    -->
    <bean id="userAction" class="com.baizhi.action.UserAction" scope="prototype">
        <property name="userService" ref="userService"/>
    </bean>


</beans>