<?xml version="1.0" encoding="UTF-8"?>

<!DOCTYPE struts PUBLIC
        "-//Apache Software Foundation//DTD Struts Configuration 2.3//EN"
        "http://struts.apache.org/dtds/struts-2.3.dtd">

<struts>

    <package name="user" extends="struts-default" namespace="/user">


        <!--localhost:端口号/项目名/user/findAll-->
        <action name="findAll" class="userAction" method="findAll">
            <result name="success">/showAll.jsp</result>
        </action>

        <!--save-->
        <action name="save" class="userAction" method="save">
            <result name="success" type="redirect">/user/findAll</result>
        </action>

    </package>
</struts>