<?xml version="1.0" encoding="UTF-8"?>
<beans xmlns="http://www.springframework.org/schema/beans"
       xmlns:xsi="http://www.w3.org/2001/XMLSchema-instance"
       xmlns:context="http://www.springframework.org/schema/context"
       xmlns:mvc="http://www.springframework.org/schema/mvc"
       xsi:schemaLocation="http://www.springframework.org/schema/beans http://www.springframework.org/schema/beans/spring-beans.xsd http://www.springframework.org/schema/context http://www.springframework.org/schema/context/spring-context.xsd http://www.springframework.org/schema/mvc http://www.springframework.org/schema/mvc/spring-mvc.xsd">



    <!--开启注解扫描-->
    <context:component-scan base-package="com.baizhi.controller"/>


    <!--开启注解驱动-->
    <mvc:annotation-driven/>

    <!--配置视图解析器-->
    <bean class="org.springframework.web.servlet.view.InternalResourceViewResolver">
        <property name="prefix" value="/"/>
        <property name="suffix" value=".jsp"/>
    </bean>

    <!--配置静态资源拦截-->
    <mvc:default-servlet-handler/>

    <!--配置文件上传解析器
        id:必须指定为 multipartResolver
    -->
    <bean id="multipartResolver" class="org.springframework.web.multipart.commons.CommonsMultipartResolver">
        <!--注入文件上传下载大小限制 单位字节 2M=2097152字节 默认:没有限制-->
        <property name="maxUploadSize" value="20971520"/>
    </bean>

    
    <!--注册拦截器-->
    <bean id="myInterceptor" class="com.baizhi.interceptors.MyInterceptor"/>


    <!--配置拦截器-->
    <mvc:interceptors>

        <!--配置一个拦截器-->
        <mvc:interceptor>
            <!--mvc:mapping 代表拦截那个请求路径-->
            <mvc:mapping path="/json/*"/>
            <!--mvc:exclude-mapping 排除拦截那个请求-->
            <mvc:exclude-mapping path="/json/showAll"/>
            <!--使用那个拦截器-->
            <ref bean="myInterceptor"/>
        </mvc:interceptor>

    </mvc:interceptors>

    <!--配置全局异常处理类-->
    <bean class="com.baizhi.handlerxception.GlobalExceptionResolver"/>

</beans>