<?xml version="1.0" encoding="UTF-8" ?>
<!DOCTYPE mapper
        PUBLIC "-//mybatis.org//DTD Mapper 3.0//EN"
        "http://mybatis.org/dtd/mybatis-3-mapper.dtd">


<mapper namespace="com.baizhi.dao.DeptDAO">

    
    <!--resultMap-->
    <resultMap id="deptMap" type="com.baizhi.entity.Dept">
        <id column="id" property="id"/>
        <result column="name" property="name"/>
        <!--封装员工信息 collection用来处理一对多关联关系标签
            property: 封装关系属性名
            javaType: 关系属性类型
            ofType :  用来书写关系属性类型中泛型的类型
        -->
        <collection property="emps" javaType="list" ofType="com.baizhi.entity.Emp">
            <id column="eid" property="id"/>
            <result column="ename" property="name"/>
            <result column="age" property="age"/>
            <result column="bir" property="bir"/>
        </collection>
    </resultMap>

    <!--查询所有部门-->
    <select id="queryAll" resultMap="deptMap">
        select
            d.id,
            d.name,
            e.id eid,
            e.name ename,
            e.age,
            e.bir
        from
            t_dept d
        left join t_emp e on d.id = e.deptid
    </select>

</mapper>