<?xml version="1.0" encoding="UTF-8" ?>
<!DOCTYPE mapper
        PUBLIC "-//mybatis.org//DTD Mapper 3.0//EN"
        "http://mybatis.org/dtd/mybatis-3-mapper.dtd">


<mapper namespace="com.baizhi.dao.StudentDAO">



    <resultMap id="studentMap" type="com.baizhi.entity.Student">
        <id column="id" property="id"/>
        <result column="name" property="name"/>
        <!--关系属性 多-->
        <collection property="courses" javaType="list" ofType="com.baizhi.entity.Course">
            <id column="cid" property="id"/>
            <result column="cname" property="name"/>
        </collection>
    </resultMap>

    <!--queryById-->
    <select id="queryById" parameterType="Integer" resultMap="studentMap">
        select s.id,
               s.name,
               c.id   cid,
               c.name cname
        from t_student s
                 left join t_student_course tc
                           on s.id = tc.sid
                 left join t_course c
                           on tc.cid = c.id
        where s.id = #{id}
    </select>
    


</mapper>