<?xml version="1.0" encoding="UTF-8"?>
<beans xmlns="http://www.springframework.org/schema/beans"
       xmlns:xsi="http://www.w3.org/2001/XMLSchema-instance"
       xmlns:context="http://www.springframework.org/schema/context" xmlns:tx="http://www.springframework.org/schema/tx"
       xsi:schemaLocation="http://www.springframework.org/schema/beans http://www.springframework.org/schema/beans/spring-beans.xsd http://www.springframework.org/schema/context http://www.springframework.org/schema/context/spring-context.xsd http://www.springframework.org/schema/tx http://www.springframework.org/schema/tx/spring-tx.xsd">

    <!--开启注解扫描-->
    <context:component-scan base-package="com.baizhi"/>
    <!--创建数据源对象-->
    <bean id="dataSource" class="com.alibaba.druid.pool.DruidDataSource">
        <property name="driverClassName" value="com.mysql.jdbc.Driver"/>
        <property name="url" value="jdbc:mysql://localhost:3306/2001?characterEncoding=UTF-8"/>
        <property name="username" value="root"/>
        <property name="password" value="root"/>
    </bean>
    <!--创建sqlSessionFactory-->
    <bean id="sqlSessionFactory" class="org.mybatis.spring.SqlSessionFactoryBean">
        <!--注入dataSource mapperlocation 别名-->
        <property name="dataSource" ref="dataSource"/>
        <property name="mapperLocations" value="classpath:com/baizhi/mapper/*.xml"/>
        <property name="typeAliasesPackage" value="com.baizhi.entity"/>
    </bean>
    <!--创建DAO-->
    <bean class="org.mybatis.spring.mapper.MapperScannerConfigurer">
        <property name="sqlSessionFactoryBeanName" value="sqlSessionFactory"/>
        <property name="basePackage" value="com.baizhi.dao"/>
    </bean>
    <!--创建事务管理器-->
    <bean id="transactionManager" class="org.springframework.jdbc.datasource.DataSourceTransactionManager">
        <property name="dataSource" ref="dataSource"/>
    </bean>
    <!--开启注解式事务生效-->
    <tx:annotation-driven transaction-manager="transactionManager"/>
</beans>