<?xml version="1.0" encoding="UTF-8"?>
<beans xmlns="http://www.springframework.org/schema/beans"
       xmlns:xsi="http://www.w3.org/2001/XMLSchema-instance" xmlns:aop="http://www.springframework.org/schema/aop"
       xsi:schemaLocation="http://www.springframework.org/schema/beans http://www.springframework.org/schema/beans/spring-beans.xsd http://www.springframework.org/schema/aop http://www.springframework.org/schema/aop/spring-aop.xsd">



    <!--管理DAO-->
    <bean id="deptDAO" class="com.baizhi.dao.DeptDAOImpl"></bean>

    <!--管理Service组件-->
    <bean id="deptService" class="com.baizhi.service.DeptServiceImpl">
        <property name="deptDAO" ref="deptDAO"/>
    </bean>


    <!--注册通知类-->
    <bean id="methodInvokeTimeAdvice" class="com.baizhi.advices.MethodInvokeTimeAdvice"></bean>


    <!--配置切面-->
    <aop:config>
        <!--配置切入点-->
        <aop:pointcut id="pc" expression="within(com.baizhi.service.DeptServiceImpl)"/>
        <!--组装切面-->
        <aop:advisor advice-ref="methodInvokeTimeAdvice" pointcut-ref="pc"/>
    </aop:config>


</beans>