<?xml version="1.0" encoding="UTF-8"?>
<beans xmlns="http://www.springframework.org/schema/beans"
       xmlns:xsi="http://www.w3.org/2001/XMLSchema-instance" xmlns:aop="http://www.springframework.org/schema/aop"
       xsi:schemaLocation="http://www.springframework.org/schema/beans http://www.springframework.org/schema/beans/spring-beans.xsd http://www.springframework.org/schema/aop http://www.springframework.org/schema/aop/spring-aop.xsd">




    <!--管理service组件-->
    <bean id="clazzService" class="afterthrows.ClazzServiceImpl"></bean>



    <!--注册通知-->
    <bean id="myAfterAdvice" class="afterthrows.MyAfterAdvice"></bean>


    <!--配置切面-->
    <aop:config>
        <aop:pointcut id="pc" expression="within(afterthrows.*ServiceImpl)"/>
        <aop:advisor advice-ref="myAfterAdvice" pointcut-ref="pc"/>
    </aop:config>




</beans>